<?xml version="1.0" encoding="utf-8"?>
<content xml:space="preserve">

  <!-- note text -->
  <item id="notDocumented">Questa API non è documentata.</item>
  <item id="preliminaryText">Questa API è preliminare e soggetta a variazioni.</item>
	
	<!-- main window stuff -->
	<item id="productTitle">Class library del Framework .NET</item>

	<!-- inserted boilerplate -->
	<item id="runningHeaderText">Class library del Framework .NET</item>
	<item id="rootLink"><referenceLink target="R:Project">Namespace</referenceLink></item>
  <item id="definedBy">(Definito da {0}.)</item>
	<item id="inheritedFrom">(Ereditato da {0}.)</item>
	<item id="overridesMember">(Sovrascrive {0}.)</item>
	<item id="locationInformation">Assembly: {0} (Modulo: {1})</item>
 
  <item id="derivedClasses">Classi derivate</item>
  <item id="explicitInterfaceImplementation">Implementazioni esplicite di interfacce</item>
  <item id="returnValue">Valore di ritorno</item>
  <item id="propertyValue">Valore della proprietà</item>
  <item id="fieldValue">Valore del campo</item>
  <item id="example">Esempio</item>

  <!-- topic titles -->
  <item id="meta_mshelp_tocTitle">{0}</item>
  <item id="meta_mshelp_rlTitle">{0} ({1})</item>
  <item id="topicTitle_root">Namespace</item>
	<item id="topicTitle_namespace">{0} Namespace</item>
	<item id="topicTitle_namespaceGroup">{0} Namespace</item>
	<item id="topicTitle_class">Classe {0}</item>
	<item id="topicTitle_structure">Struttura {0}</item>
	<item id="topicTitle_interface">Interfaccia {0}</item>
	<item id="topicTitle_derivedTypeList">Classi derivate da {0}</item>
  
	<item id="topicTitle_delegate">Delegate {0}</item>
	<item id="topicTitle_enumeration">Enumerazione {0}</item>
	<item id="topicTitle_field">Campo {0}</item>
	<item id="topicTitle_method">Metodo {0} {1}</item>
	<item id="topicTitle_constructor">Costruttore {0} {1}</item>
	<item id="topicTitle_property">Proprietà {0} {1}</item>
	<item id="topicTitle_event">Evento {0}</item>
  
  <!-- title for operator members -->
	<item id="topicTitle_operator">{0} Operatore {1}</item>

  <!-- title for op_explicit and op_implicit members -->
  <item id="topicTitle_typeConversion">{0} Conversione {1}</item>
  <!-- title for overload op_explicit and op_implicit topics -->
  <item id="topicTitle_conversionOperator">{0} Operatori di conversione</item>
      
	<item id="topicTitle_attachedProperty">{0} Proprietà attached</item>
	<item id="topicTitle_attachedEvent">{0} Attached Event</item>

  <item id="generic"> generic</item>
  <item id="topicTitle_generic_class">{0} Generic Class</item>
  <item id="topicTitle_generic_structure">{0} Generic Structure</item>
  <item id="topicTitle_generic_interface">{0} Generic Interface</item>
  <item id="topicTitle_generic_delegate">{0} Generic Delegate</item>
  <item id="topicTitle_generic_method">{0} Generic Method {1}</item>
  
	<!-- list topic titles -->
	<item id="topicTitle_fields">Campi di {0}</item>
	<item id="topicTitle_methods">Metodi di {0}</item>
	<item id="topicTitle_enumMembers">Membri</item>
  
  <!-- title for operator list topic that has [operators + no type conversions] -->
  <item id="topicTitle_operators">{0} Operators</item>
  <!-- title for operator list topic that has [operators + type conversions] -->
  <item id="topicTitle_operatorsAndTypeConversions">{0} Operators and Type Conversions</item>
  <!-- title for operator list topic that has [no operators + type conversions] -->
  <item id="topicTitle_typeConversions">{0} Type Conversions</item>
  
	<item id="topicTitle_constructors">Costruttori di {0}</item>
	<item id="topicTitle_properties">Proprietà di {0}</item>
	<item id="topicTitle_events">Eventi di {0}</item>
	<item id="topicTitle_attachedProperties">Proprietà attached di {0}</item>
 	<item id="topicTitle_attachedEvents">Eventi attached di {0}</item>
	<item id="topicTitle_members">Membri di {0}</item>

	<!-- index entries -->
	<item id="indexEntry_root">namespace</item>
  <item id="indexEntry_namespace">{0} namespace</item>
  <item id="indexEntry_class">{0} class</item>
	<item id="indexEntry_structure">{0} structure</item>
	<item id="indexEntry_interface">{0} interface</item>
	<item id="indexEntry_delegate">{0} delegate</item>
	<item id="indexEntry_enumeration">{0} enumeration</item>
  <item id="indexEntry_enumerationMember">{0} enumeration member</item>
  <item id="indexEntry_aboutType">{0}, about {0}</item>
  <item id="indexEntry_derivedTypes">{0}, derived types</item>
  <item id="indexEntry_members">{0}, all members</item>
  <item id="indexEntry_methods">{0}, methods</item>
  <!-- index entry for operator list topic that has [operators + no type conversions] -->
  <item id="indexEntry_operators">{0}, operators</item>
  <!-- index entry for operator list topic that has [operators + type conversions] -->
  <item id="indexEntry_operatorsAndTypeConversions">{0}, operators and type conversions</item>
  <!-- index entry for operator list topic that has [no operators + type conversions] -->
  <item id="indexEntry_typeConversions">{0}, type conversions</item>
  <!-- index entries for op_explicit and op_implicit members -->
  <item id="indexEntry_conversionOperator">{0} conversion</item>
  <item id="indexEntry_properties">{0}, properties</item>
  <item id="indexEntry_fields">{0}, fields</item>
  <item id="indexEntry_events">{0}, events</item>
  <item id="indexEntry_attachedProperties">{0}, attached properties</item>
  <item id="indexEntry_attachedEvents">{0}, attached events</item>
	<item id="indexEntry_constructors">{0}, constructors</item>
	<item id="indexEntry_constructor">{0}, constructor</item>
	<item id="indexEntry_constructorType">{0} constructor</item>
  <item id="indexEntry_method">{0} method</item>
	<item id="indexEntry_property">{0} property</item>
	<item id="indexEntry_event">{0} event</item>
	<item id="indexEntry_field">{0} field</item>
	<item id="indexEntry_operator">{0} operator</item>
	<item id="indexEntry_attachedProperty">{0} attached property</item>
	<item id="indexEntry_attachedEvent">{0} attached event</item>
	<item id="indexEntry_methodExplicit">{0} explicitly implemented method</item>
	<item id="indexEntry_propertyExplicit">{0} explicitly implemented property</item>
	<item id="indexEntry_eventExplicit">{0} explicitly implemented event</item>
	<item id="indexEntry_fieldExplicit">{0} explicitly implemented field</item>

	<!-- section titles -->
	<item id="title_syntax">Sintassi</item>
	<item id="title_templates">Parametri di tipo</item>
	<item id="title_parameters">Parametri</item>
	<item id="title_value">Valore</item>
	<item id="title_delegateValue">Valore di ritorno</item>
	<item id="title_methodValue">Valore di ritorno</item>
	<item id="title_propertyValue">Valore della proprietà</item>
	<item id="title_fieldValue">Valore del campo</item>
	<item id="title_implements">Implementa</item>
	<item id="title_examples">Esempi</item>
	<item id="title_threadSafety">Thread Safety</item>
	<item id="title_permissions">Sicurezza nel Framework .NET</item>
	<item id="title_namespaces">Namespace</item>
	<item id="title_types">Tipi</item>
	<item id="title_family">Gerarchia di ereditarietà</item>
	<item id="title_versions">Informazioni sulle versioni</item>
	<item id="title_platforms">Piattaforme</item>
	<item id="title_relatedTopics">Vedi anche</item>
	<item id="title_extensionUsage">Nota d'uso</item>
	<item id="text_extensionUsage">In Visual Basic e C# puoi chiamare questo metodo come metodo di istanza su qualunque oggetto di tipo {0}. Quando usi la sintassi del metodo di istanza, devi omettere il primo parametro. Per maggiori informazioni, vedi <a href="http://msdn.microsoft.com/en-us/library/bb384936.aspx" target="_blank">Metodi di estensione (Visual Basic)</a> o <a href="http://msdn.microsoft.com/en-us/library/bb383977.aspx" target="_blank">Metodi di estensione (C# Programming Guide)</a>.</item>
	<item id="text_moreInheritance">Altro...</item>

	<!-- table headers -->
	<item id="header_namespaceName">Namespace</item>
	<item id="header_namespaceDescription">Descrizione</item>
	<item id="header_typeIcon">Icona</item>
  <item id="header_className">Classe</item>
  <item id="header_structureName">Struttura</item>
  <item id="header_interfaceName">Interfaccia</item>
  <item id="header_delegateName">Delegate</item>
  <item id="header_enumerationName">Enumerazione</item>
  
	<item id="header_typeName">Nome</item>
	<item id="header_typeDescription">Descrizione</item>
	<item id="header_memberIcon">Icona</item>
	<item id="header_memberName">Nome</item>
	<item id="header_memberValue">Valore</item>
	<item id="header_memberDescription">Descrizione</item>
	<item id="header_eventType">Event Type</item>
	<item id="header_eventReason">Motivo</item>
	<item id="header_exceptionName">Eccezione</item>
	<item id="header_exceptionCondition">Condizione</item>
	<item id="header_permissionName">Permission</item>
	<item id="header_permissionDescription">Description</item>
  <item id="header_requiresName">Requires</item>
  <item id="header_ensuresName">Ensures</item>
  <item id="header_ensuresOnThrowName">EnsuresOnThrow</item>
  <item id="header_invariantsName">Invariants</item>

	<item id="header_revHistoryDate">Data</item>
	<item id="header_revHistoryVersion">Versione</item>
	<item id="header_revHistoryDescription">Descrizione</item>

  <!-- member list table titles -->
  <item id="tableTitle_namespace">Namespace</item>
	<item id="tableTitle_class">Classi</item>
	<item id="tableTitle_structure">Strutture</item>
	<item id="tableTitle_interface">Interfacce</item>
	<item id="tableTitle_delegate">Delegate</item>
	<item id="tableTitle_enumeration">Enumerazioni</item>
  <item id="tableTitle_constructor">Costruttori</item>
  <item id="tableTitle_method">Metodi</item>
  <item id="tableTitle_operator">Operatori</item>
  <item id="tableTitle_field">Campi</item>
  <item id="tableTitle_property">Proprietà</item>
  <item id="tableTitle_event">Eventi</item>
  <item id="tableTitle_attachedEvent">Eventi attached</item>
  <item id="tableTitle_attachedProperty">Proprietà attached</item>
  <item id="tableTitle_explicitInterfaceImplementation">Implementazioni esplicite di interfacce</item>
	<item id="tableTitle_overloadMembers">Lista degli overload</item>
  <item id="tableTitle_extensionMethod">Metodi di estensione</item>

  <!-- Thread Safety -->
  <item id="text_threadSafety">Thread Safety</item>
  <item id="boilerplate_threadSafety">Any public <include item="devlang_staticKeyword"/>  members of this type are thread safe. Any instance members are not guaranteed to be thread safe.</item>

  <item id="text_staticThreadSafe">Static members of this type are safe for multi-threaded operations. </item>
  <item id="text_staticNotThreadSafe">Static members of this type are not safe for multi-threaded operations. </item>
  <item id="text_instanceThreadSafe">Instance members of this type are safe for multi-threaded operations. </item>
  <item id="text_instanceNotThreadSafe">Instance members of this type are not safe for multi-threaded operations. </item>
  
  <item id="text_NotesForImplementers">Notes to Implementers</item>
  <item id="text_NotesForCallers">Notes to Callers</item>
  <item id="text_NotesForInheritors">Notes to Inheritors</item>
  
  <!-- boilerplate intro to member list tables -->
  <item id="genericExposedMembersTableText">Il tipo generico {0} espone i seguenti membri.</item>
  <item id="exposedMembersTableText">Il tipo {0} espone i seguenti membri.</item>	

  <item id="dependencyPropertyInfoHeading">Dependency Property Information</item>
  <item id="routedEventInfoHeading">Routed Event Information</item>
  <item id="mrefTaskMoreCodeHeading">More Code</item>

  <item id="Overloaded">Overloaded. </item>	
  <item id="defaultNamespace">( Default Namespace )</item>
  
  <item id="typeLink">Tipo:&#160;{0}</item>
  <!-- First line of a param or retval description is a link to the type of the param or retval.
       This boilerplate is used if the type is a type parameter of the member's type. -->
  <item id="typeLinkToTypeParameter"><strong>{0}</strong> type parameter of {1}.</item>
  
	<!-- Host protection boilerplate text -->
  <item id="text_hostProtectionAttribute">HostProtectionAttribute. </item>
	<item id="boilerplate_hostProtectionAttribute">The <referenceLink target="T:System.Security.Permissions.HostProtectionAttribute"
									 prefer-overload="true" /> attribute applied to this type or member has the following <referenceLink target="P:System.Security.Permissions.HostProtectionAttribute.Resources"
									 prefer-overload="true" /> property value: {1}. The <referenceLink target="T:System.Security.Permissions.HostProtectionAttribute"
									 prefer-overload="true" /> does not affect desktop applications (which are typically started by double-clicking an icon, typing a command, or entering a URL in a browser). For more information, see the <referenceLink target="T:System.Security.Permissions.HostProtectionAttribute"
									 prefer-overload="true" /> class or <a href="http://msdn.microsoft.com/en-us/library/ms172338.aspx" target="_blank">SQL Server Programming and Host Protection Attributes</a>.</item>

	<!-- Obsolete boilerplate text -->
  <item id="boilerplate_obsoleteShort"><strong>Obsoleto. </strong></item>
  <item id="boilerplate_obsoleteLong"><strong>Nota: questa API è obsoleta.</strong></item>

	<!-- Group and SubGroup text -->
	<item id="text_classLower">classe</item>
  <item id="text_delegateLower">delegate</item>
  <item id="text_structureLower">struttura</item>
  <item id="text_interfaceLower">interfaccia</item>
  <item id="text_enumerationLower">enumerazione</item>

  <item id="text_classUpper">Classe</item>
  <item id="text_structureUpper">Struttura</item>
  <item id="text_interfaceUpper">Interfaccia</item>
  <item id="text_delegateUpper">Delegate</item>
  <item id="text_enumerationUpper">Enumerazione</item>

	<item id="text_classTypesLower">classi</item>
	<item id="text_structureTypesLower">strutture</item>
	<item id="text_interfaceTypesLower">interfacce</item>
	<item id="text_delegateTypesLower">delegate</item>
	<item id="text_enumerationTypesLower">enumerazioni</item>
  
	<item id="text_classTypesUpper">Classi</item>
	<item id="text_structureTypesUpper">Strutture</item>
	<item id="text_interfaceTypesUpper">Interfacce</item>
	<item id="text_delegateTypesUpper">Delegate</item>
	<item id="text_enumerationTypesUpper">Enumerazioni</item>

  <item id="text_membersLower">membri</item>
  <item id="text_methodsLower">metodi</item>
  <item id="text_propertiesLower">proprietà</item>
  <item id="text_eventsLower">eventi</item>
  <item id="text_fieldsLower">campi</item>
  <item id="text_operatorsLower">operatori</item>
  <item id="text_attachedPropertiesLower">proprietà attached</item>
  <item id="text_attachedEventsLower">eventi attached</item>

  <item id="text_membersUpper">Membri</item>
  <item id="text_methodsUpper">Metodi</item>
  <item id="text_propertiesUpper">Proprietà</item>
  <item id="text_eventsUpper">Eventi</item>
  <item id="text_fieldsUpper">Campi</item>
  <item id="text_operatorsUpper">Operatori</item>
  <item id="text_attachedPropertiesUpper">Proprietà attached</item>
  <item id="text_attachedEventsUpper">Eventi attached</item>

	<!-- alt text for images -->
	<item id="altText_pubClass">Classe pubblica</item>
	<item id="altText_pubStructure">Struttura pubblica</item>
	<item id="altText_pubInterface">Interfaccia pubblica</item>
	<item id="altText_pubDelegate">Delegate pubblico</item>
	<item id="altText_pubEnumeration">Enumerazione pubblica</item>
	<item id="altText_protClass">Classe protetta</item>
	<item id="altText_protStructure">Struttura protetta</item>
	<item id="altText_protInterface">Interfaccia protetta</item>
	<item id="altText_protDelegate">Delegate protetto</item>
	<item id="altText_protEnumeration">Enumerazione protetta</item>
	<item id="altText_privClass">Classe privata</item>
	<item id="altText_privStructure">Struttura privata</item>
	<item id="altText_privInterface">Interfaccia privata</item>
	<item id="altText_privDelegate">Delegate privato</item>
	<item id="altText_privEnumeration">Enumerazione privata</item>

	<item id="altText_pubConstructor">Costruttore pubblico</item>
	<item id="altText_pubMethod">Metodo pubblico</item>
	<item id="altText_pubField">Campo pubblico</item>
	<item id="altText_pubProperty">Proprietà pubblica</item>
	<item id="altText_pubEvent">Evento pubblico</item>
	<item id="altText_pubOperator">Operatore pubblico</item>
	<item id="altText_pubAttachedProperty">Proprietà attached pubblica</item>
	<item id="altText_pubAttachedEvent">Evento attached pubblico</item>
	<item id="altText_protConstructor">Costruttore pubblico</item>
	<item id="altText_protMethod">Metodo protetto</item>
	<item id="altText_protField">Campo protetto</item>
	<item id="altText_protProperty">Proprietà protetta</item>
	<item id="altText_protEvent">Evento protetto</item>
	<item id="altText_protOperator">Operatore protetto</item>
	<item id="altText_protAttachedProperty">Proprietà attached protetta</item>
	<item id="altText_protAttachedEvent">Evento attached protetto</item>
	<item id="altText_privConstructor">Costruttore privato</item>
	<item id="altText_privMethod">Metodo privato</item>
	<item id="altText_privField">Campo privato</item>
	<item id="altText_privProperty">Proprietà privata</item>
	<item id="altText_privEvent">Evento privato</item>
	<item id="altText_privOperator">Operatore privato</item>
	<item id="altText_privtAttachedProperty">Proprietà attached privata</item>
	<item id="altText_privAttachedEvent">Evento attached privato</item>
	<item id="altText_static">Membro statico</item>
	<item id="altText_pubextension">Metodo di estensione pubblico</item>
	<item id="altText_protextension">Metodo di estensione protetto</item>
	<item id="altText_privextension">Metodo di estensione privato</item>

  <item id="altText_CompactFramework">Supportato dal Compact Framework .NET</item>
  <item id="altText_XNAFramework">Supportato dal framework XNA</item>
  <item id="altText_SilverlightMobile">Supportato da <include item="silverlight_mobile"/></item>
  <item id="altText_ExplicitInterface">Implementazione esplicita di interfacce</item>
  <item id="altText_CodeExample">Esempio di codice</item>

  <item id="boilerplate_seeAlsoNamespaceLink">Namespace {0}</item>
  <item id="boilerplate_seeAlsoTypeLink"><include item="text_{1}Upper"/> {0}</item>
  <item id="boilerplate_seeAlsoMembersLink">Membri di {0}</item>
  <item id="boilerplate_seeAlsoOverloadLink">Overload di {0}</item>

  <item id="boilerplate_requirementsNamespace">
    <strong>Namespace:</strong> 
  </item>

  <item id="boilerplate_requirementsPlatforms">
    <strong>Piattaforme:</strong> {0}
  </item>

  <item id="boilerplate_requirementsAssemblies">
    <strong>Assembly:</strong>
  </item>

  <item id="boilerplate_requirementsAssemblyLabel">
    <strong>Assembly:</strong>
  </item>

	<item id="assemblyNameAndModule">{0} (in {1}.{2}) Versione: {3}</item>

  <item id="boilerplate_requirementsAssembly">
    <strong>Assembly:</strong> {0} (in {1}.dll)
  </item>

  <!-- Used for Version Information Section -->
  <item id="supportedIn_1">Supportato in: {0}</item>
  <item id="supportedIn_2">Supportato in: {0}, {1}</item>
  <item id="supportedIn_3">Supportato in: {0}, {1}, {2}</item>
  <item id="supportedIn_4">Supportato in: {0}, {1}, {2}, {3}</item>
  <item id="supportedIn_5">Supportato in: {0}, {1}, {2}, {3}, {4}</item>
  <item id="supportedIn_6">Supportato in: {0}, {1}, {2}, {3}, {4}, {5}</item>
  <item id="supportedIn_7">Supportato in: {0}, {1}, {2}, {3}, {4}, {5}, {6}</item>
  <item id="supportedIn_8">Supportato in: {0}, {1}, {2}, {3}, {4}, {5}, {6}, {7}</item>
  <item id="supportedIn_9">Supportato in: {0}, {1}, {2}, {3}, {4}, {5}, {6}, {7}, {8}</item>
  <item id="supportedIn_10">Supportato in: {0}, {1}, {2}, {3}, {4}, {5}, {6}, {7}, {8}, {9}</item>
  <item id="supportedIn_11">Supportato in: {0}, {1}, {2}, {3}, {4}, {5}, {6}, {7}, {8}, {9}, {10}</item>
  <item id="supportedIn_12">Supportato in: {0}, {1}, {2}, {3}, {4}, {5}, {6}, {7}, {8}, {9}, {10}, {11}</item>
  <item id="supportedIn_13">Supportato in: {0}, {1}, {2}, {3}, {4}, {5}, {6}, {7}, {8}, {9}, {10}, {11}, {12}</item>
  <item id="supportedIn_14">Supportato in: {0}, {1}, {2}, {3}, {4}, {5}, {6}, {7}, {8}, {9}, {10}, {11}, {12}, {13}</item>
  <item id="supportedIn_15">Supportato in: {0}, {1}, {2}, {3}, {4}, {5}, {6}, {7}, {8}, {9}, {10}, {11}, {12}, {13}, {14}</item>
  <item id="supportedIn_16">Supportato in: {0}, {1}, {2}, {3}, {4}, {5}, {6}, {7}, {8}, {9}, {10}, {11}, {12}, {13}, {14}, {15}</item>
  <item id="obsoleteWarning">Obsoleto (warning dal compilatore) in {0}</item>
  <item id="obsoleteError">Obsoleto (non compila) in {0} e successive</item>
  	
	<!-- APTCA Boilerplate text -->
	<item id="boilerplate_aptca">Full trust for the immediate caller. This member cannot be used by partially trusted code. For more information, see <a href="http://msdn.microsoft.com/en-us/library/8skskf63.aspx" target="_blank">Using Libraries from Partially Trusted Code</a>.</item>

  <!-- Variance boilerplate text -->
  <item id="text_covariant">This type parameter is covariant. That is, you can use either the type you specified or any type that is more derived. </item>
  <item id="text_contravariant">This type parameter is contravariant. That is, you can use either the type you specified or any type that is less derived. </item>
  <item id="text_variance">For more information about covariance and contravariance, see <a href="http://msdn.microsoft.com/en-us/library/ee207183.aspx" target="_blank">Covariance and Contravariance (C# and Visual Basic).</a>.</item>

  <!-- Non Cls Compliant boilerplate text-->
  <item id="boilerplate_NotClsCompliant">This API is not CLS-compliant.</item>
  <item id="boilerplate_AltClsCompliant">The CLS-compliant alternative is {0}.</item>
  
  <!-- Security Critical Boilerplate text-->
  <item id="boilerplate_typeSecurityCritical">This type has a SecurityCriticalAttribute attribute, which restricts it to internal use by the .NET Framework for Silverlight class library. Application code that uses any member of this type throws a MethodAccessException.</item>
  <item id="boilerplate_memberSecurityCritical">This member has a SecurityCriticalAttribute attribute, which restricts it to internal use by the .NET Framework for Silverlight class library. Application code that uses this member throws a MethodAccessException.</item>
  <item id="text_securityCritical">[SECURITY CRITICAL] </item>
  
  <!-- Overload page boilerplate -->
  <item id="boilerplate_overloadSummary">This member is overloaded. For complete information about this member, including syntax, usage, and examples, click a name in the overload list.</item>

  <!-- Platforms Information and Platform Notes --> 
  <item id="boilerplate_PlatformNote">
	  <strong>{0} Platform Note:</strong> {1}
  </item>
  <item id="boilerplate_systemRequirementsLink">
	  <p>The <include item="netfw"/> and <include item="netcfw"/> do not support all versions of every platform. For a list of the supported versions, see <a href="http://msdn.microsoft.com/en-us/library/8z6watww.aspx" target="_blank">.NET Framework System Requirements</a>.</p>
  </item>
  
  <!-- Platforms boilerplate for Silverlight mref builds --> 
  <item id="boilerplate_silverlightPlatforms">
    For information on the operating systems and browsers supported by <include item="silverlight"/>, see <a href="http://msdn.microsoft.com/en-us/library/dd229102.aspx" target="_blank">Supported Operating Systems and Browsers</a>.
  </item>

 	<item id="Win95">Windows 95</item>
	<item id="Win98Se">Windows 98 Second Edition</item>
	
	<item id="WinNT4">Windows NT 4.0</item>
	<item id="WinNT4Svr">Windows NT Server 4.0</item>
	<item id="WinNT4Wks">Windows NT Workstation 4.0</item>
	
	<item id="Win2kFamily">Windows 2000</item>
	<item id="Win2kProfessional">Windows 2000 Professional</item>
	<item id="Win2kServer">Windows 2000 Server</item>
	<item id="Win2kDatacenter">Windows 2000 Advanced Server</item>
	
	<item id="WinXPPersonal">Windows XP Home Edition</item>
	<item id="WinXPPro">Windows XP Professional x64 Edition</item>
	<item id="WinXPSvr"><include item="WinSvr2003"/></item>
	<item id="WinXpTablet">Windows XP Tablet PC Edition</item>
	<item id="WinXpEmbedded">Windows XP Embedded</item>
	
	<item id="ECMACLI">Common Language Infrastructure (CLI) Standard</item>
	
	<item id="MSTV">Microsoft TV</item>
		
	<item id="Win9xFamily"><include item="Win95"/>, <include item="Win98"/>, <include item="Win98Se"/>, <include item="WinME"/></item>
	<item id="WinNt4Family"><include item="WinNT4"/></item>
	<item id="WinXpFamily"><include item="WinXPPersonal"/>, <include item="WinXPPro"/>, <include item="WinXPSvr"/></item>
	<item id="WinCE"><include item="WindowsCE"/></item>
	<item id="Win2K"><include item="WinSvr2000"/></item>
	<item id="Win2KSvr"><include item="Win2kServer"/></item>
	<item id="Win2KADC"><include item="Win2kDatacenter"/></item>
	
	<item id="WinNt4Server"><include item="WinNT4Svr"/></item>
	<item id="WinNt4Workstation"><include item="WinNT4Wks"/></item>
	<item id="Win2kAdvanced"><include item="Win2kDatacenter"/></item>
	<item id="Win2kServerApplianceKit"></item>
	<item id="WinXpHome"><include item="WinXPPersonal"/></item>
	<item id="WinXpProfessional"><include item="WinXPPro"/></item>
	<item id="Win2003Server"><include item="WinXPSvr"/></item>
	<item id="NETCF"><include item="PocketPC"/>, <include item="SmartPhone"/>, <include item="WindowsCE"/></item>
  
  <item id="XNA"><include item="Xbox360"/>, <include item="Zune" /></item>
       
  <!-- platform names that appear in the Platforms section on mref type and member pages 
       The id values must be in sync with the platform/@name values used in the manifold  platformFilters.xml filter files.
       These values are also used in <platformNotes>
  -->
  <item id="Win98">Windows 98</item>
  <item id="WinME">Windows Millennium Edition</item>
  <item id="WinSvr2000">Windows Server 2000 SP4</item>
  <item id="WinXPPro64">Windows XP Professional x64 Edition</item>
  <item id="WinXP">Windows XP SP3</item>
  <item id="WindowsCE">Windows CE</item>
  <item id="PocketPC">Windows Mobile for Pocket PC</item>
  <item id="SmartPhone">Windows Mobile for Smartphone</item>
  <item id="WinSvr2003">Windows Server 2003</item>
  <item id="WinSvr2008">Windows Server 2008</item>
  <item id="WinSvr2008R2">Windows Server 2008 R2</item>
  <item id="WinXpMediaCenter">Windows XP Media Center Edition</item>
  <item id="WinXPSE">Windows XP Starter Edition</item>
  <item id="WinVista">Windows Vista</item>
  <item id="Win7">Windows 7</item>
  <item id="Xbox360">Xbox 360</item>
  <item id="Zune">Zune</item>

  <!-- framework ids:  
       These shared content item strings are used for the headings in the Version Information section 
       These ids must be in sync with the ids used in the config file for VersionBuilder.
  -->
  <item id="netfw">.NET Framework</item>
  <item id="netcfw">.NET Compact Framework</item>
  <item id="xnafw">XNA Framework</item>
  <item id="silverlight">Silverlight</item>
  <item id="silverlight_mobile">Silverlight for Windows Phone</item>
  
  <!-- framework version ids
       These shared content item strings are used in the Version Information section.
       These ids must be in sync with the ids used in the config file for VersionBuilder.
       The ids are also used in the platformFilters.xml filter files to indicate the framework version supported by each platform
  -->
  <item id="netfw40">4.0</item>
  <item id="netfw35_1">3.5 SP1</item>
  <item id="netfw35">3.5</item>
  <item id="netfw30_1">3.0 SP1</item>
  <item id="netfw30">3.0</item>
  <item id="netfw20_1">2.0 SP1</item>
  <item id="netfw20">2.0</item>
  <item id="netfw11">1.1</item>
  <item id="netfw10">1.0</item>

  <item id="netcfw37">3.7</item>
  <item id="netcfw35">3.5</item>
  <item id="netcfw20">2.0</item>
  <item id="netcfw10">1.0</item>

  <item id="xnafw10">1.0</item>

  <!-- silverlight version ids used in Version Information section. -->
  <item id="silverlight10">1.0</item>
  <item id="silverlight20">2.0</item>
  <item id="silverlight_v3">3.0</item>
  <item id="silverlight_v4">4.0</item>
  <item id="silverlight_mobile_v1">Windows Phone OS 7.0</item>

  <!-- Used in the Requirements section to display an xmlns URI for apis that can be used in XAML -->
  <item id="boilerplate_xamlXmlnsRequirements"><strong>XMLNS for XAML:</strong> {0}</item>
  <item id="boilerplate_unmappedXamlXmlns">Not mapped to an xmlns.</item>

  <item id="boilerplate_secondaryFrameworkOverride"><br/><br/>In <include item="{0}"/>, questo membro è sovrascritto da {1}.</item>
  <item id="boilerplate_secondaryFrameworkInherited"><br/><br/>In <include item="{0}"/>&#160;<include item="{1}"/>, questo membro è ereditato da {2}{3}{4}.</item>
  <item id="boilerplate_secondaryFrameworkMember"><br/><br/>In <include item="{0}"/>&#160;<include item="{1}"/>, questo membro è {2}.</item>
  
  <item id="boilerplate_useBaseSummary">This member overrides {0}.</item>
  <item id="boilerplate_useBaseSee">See {0}.</item>
  <item id="boilerplate_useBase">This member overrides {0}, and more complete documentation might be available in that topic.</item>

  <item id="boilerplate_flagsSummary">This enumeration has a {0} attribute that allows a bitwise combination of its member values.</item>

	<!-- Legacy content -->
	<item id="familyTitle"><include item="title_family"/></item>
  <item id="allMembersTitle">Members</item>
	<item id="membersTitle">Overload List</item>
  <item id="hostProtectionAttributeShort"><include item="text_hostProtectionAttribute"/></item>
	<item id="classLower"><include item="text_classLower"/></item>
  <item id="delegateLower"><include item="text_delegateLower"/></item>
  <item id="structureLower"><include item="text_structureLower"/></item>
  <item id="interfaceLower"><include item="text_interfaceLower"/></item>
  <item id="enumerationLower"><include item="text_enumerationLower"/></item>
  <item id="SeeAlsoNamespaceLinkText"><include item="boilerplate_seeAlsoNamespaceLink"><parameter>{0}</parameter></include></item>
  <item id="SeeAlsoTypeLinkText"><include item="boilerplate_seeAlsoTypeLink"><parameter>{0}</parameter><parameter>{1}</parameter></include></item>
  <item id="SeeAlsoMembersLinkText"><include item="boilerplate_seeAlsoMembersLink"><parameter>{0}</parameter></include></item>
  <item id="SeeAlsoOverloadLinkText"><include item="boilerplate_seeAlsoOverloadLink"><parameter>{0}</parameter></include></item>
  <item id="nonScrollingTypeLinkText"><include item="boilerplate_seeAlsoTypeLink"><parameter>{0}</parameter><parameter>{1}</parameter></include></item>

  <!-- Show Missing Component messages -->
  <item id="SMCAutoDocConstructor">Inizializza una nuova istanza della classe <referenceLink target="T:{0}" />.</item>
  <item id="SMCAutoDocStaticConstructor">Inizializza i campi statici della classe <referenceLink target="T:{0}" />.</item>
  <item id="SMCAutoDocDispose">Rilascia tutte le risorse utilizzate da <referenceLink target="T:{0}" />.</item>
  <item id="SMCAutoDocDisposeBool">Rilascia le risorse unmanaged usate da <referenceLink target="T:{0}" /> e opzionalmente rilascia anche le risorse managed.</item>
  <item id="SMCAutoDocDisposeParam">True per rilasciare sia le risorse managed che quelle unmanaged; false per rilasciare solo quelle unmanaged.</item>
  <item id="SMCMissingTag"><p style="color: #dc143c; font-size: 8.5pt; font-weight: bold;">[Manca la documentazione &lt;{0}&gt; per "{1}"]</p></item>
  <item id="SMCMissingParamTag"><p style="color: #dc143c; font-size: 8.5pt; font-weight: bold;">[Manca &lt;{0} nome="{1}"/&gt; documentazione per "{2}"]</p></item>
  <item id="SMCMissingIncludeTarget"><p style="color: #dc143c; font-size: 8.5pt; font-weight: bold;">[Manca la documentazione di &lt;include&gt; in '{0}'.  File: '{1}' Percorso: '{2}']</p></item>
	
	<!-- View Source link text -->
	<item id="sourceCodeLinkText">View Source</item>
	<item id="sourceCodeLinkTitle">View the source code</item>
</content>
